{
  "XGBoost": {
    "accuracy": 0.9984789222077358,
    "precision_macro": 0.8674562134229022,
    "recall_macro": 0.8019377324204117,
    "f1_macro": 0.8271513072432569,
    "f1_weighted": 0.998416974721749,
    "confusion_matrix": [
      [
        9303,
        0,
        0,
        0,
        0,
        0
      ],
      [
        0,
        59,
        1,
        2,
        4,
        0
      ],
      [
        0,
        1,
        3,
        2,
        0,
        1
      ],
      [
        1,
        0,
        0,
        3929,
        1,
        1
      ],
      [
        2,
        1,
        0,
        2,
        489,
        0
      ],
      [
        0,
        0,
        0,
        2,
        0,
        2
      ]
    ],
    "roc_auc_ovr": 0.996468780917059,
    "training_time_s": 32.88316169999962,
    "memory_delta_mb": 114.65234375
  },
  "LightGBM": {
    "accuracy": 0.9981891931044473,
    "precision_macro": 0.829110510623826,
    "recall_macro": 0.8011781940879227,
    "f1_macro": 0.8028181139352139,
    "f1_weighted": 0.9981970138408552,
    "confusion_matrix": [
      [
        9303,
        0,
        0,
        0,
        0,
        0
      ],
      [
        0,
        59,
        0,
        2,
        4,
        1
      ],
      [
        0,
        1,
        3,
        2,
        0,
        1
      ],
      [
        0,
        1,
        0,
        3927,
        1,
        3
      ],
      [
        2,
        1,
        1,
        3,
        487,
        0
      ],
      [
        0,
        0,
        0,
        2,
        0,
        2
      ]
    ],
    "roc_auc_ovr": 0.9927069914676568,
    "training_time_s": 52.935026999999536,
    "memory_delta_mb": -171.4375
  },
  "CatBoost": {
    "accuracy": 0.9819643633202956,
    "precision_macro": 0.6499448947295724,
    "recall_macro": 0.8096485808666903,
    "f1_macro": 0.6564140741236225,
    "f1_weighted": 0.987113687270037,
    "confusion_matrix": [
      [
        9299,
        2,
        0,
        0,
        2,
        0
      ],
      [
        1,
        59,
        2,
        0,
        3,
        1
      ],
      [
        0,
        0,
        4,
        2,
        0,
        1
      ],
      [
        14,
        0,
        81,
        3726,
        40,
        71
      ],
      [
        17,
        3,
        1,
        1,
        467,
        5
      ],
      [
        0,
        0,
        0,
        2,
        0,
        2
      ]
    ],
    "roc_auc_ovr": 0.6716264375358043,
    "training_time_s": 92.58741130000271,
    "memory_delta_mb": 48.8125
  },
  "RandomForest": {
    "accuracy": 0.995943792553962,
    "precision_macro": 0.8301279811683179,
    "recall_macro": 0.8009931086133198,
    "f1_macro": 0.8072766561501584,
    "f1_weighted": 0.9959362574973933,
    "confusion_matrix": [
      [
        9286,
        1,
        0,
        4,
        12,
        0
      ],
      [
        0,
        60,
        1,
        2,
        3,
        0
      ],
      [
        0,
        2,
        3,
        1,
        0,
        1
      ],
      [
        2,
        1,
        0,
        3918,
        9,
        2
      ],
      [
        5,
        4,
        0,
        4,
        481,
        0
      ],
      [
        0,
        0,
        0,
        2,
        0,
        2
      ]
    ],
    "roc_auc_ovr": 0.9650817478578353,
    "training_time_s": 5.120748999997886,
    "memory_delta_mb": 16.18359375
  }
}